LG-857;Смазка Литиевая #2 454гр ABRO;113,76;5;ЕССО
10W40;Масло моторн. BP Visco 3000 A3/B4 10W-40 (Бочка 208л);16011,42;5;ЕССО
2T;Масло моторн. Castrol   Act evo  scooter 2T  (Канистра 1л);147,9;5;ЕССО
2T;Масло моторн. Castrol   Act evo x tra  2T (Канистра 1л);160,62;5;ЕССО
4T 10W40;Масло моторн. Castrol   Act evo 4T 10W-40 (Канистра 1л);168,18;5;ЕССО
E4-MAG10B4-60L;Масло моторн. Castrol  Magnatec 10w-40 A3/B4 (Бочка 60л);6047,58;5;ЕССО
E4-MAG54A3-60S;Масло моторн. Castrol   Magnatec 5W-40 A3/В4  (Бочка 60л);7523,82;5;ЕССО
E4-TTNG15-20L;Масло моторн. Castrol Vecton 15W-40 API CI-4 (Канистра 20л);1647,24;5;ЕССО
E4-VMA104-208L;Масло моторн. BP Vanellus Multi А 10W-40 API CI-4/SL (Бочка 208 л);14482,32;5;ЕССО
E4-VMA104-20L;Масло моторн. BP Vanellus Multi А 10W-40 API CI-4/SL (Канистра 20л);1704,66;5;ЕССО
E4-VT104-208L ;Масло моторн. Castrol Vecton 10W-40 API CI-4/SL  (Бочка 208л);15312,66;5;ЕССО
EB-ATFD2M-12X1L;Масло трансмисс. Castrol  ATF Dex II Multivehicle  (Канистра 1л);141,72;5;ЕССО
EB-ATFMV-12x1L;Масло трансмисс. Castrol ATF Multivehicle (Канистра 1л);236,04;5;ЕССО
EB-AXEPX89-12X1;Масло трансмисс. Castrol  Axle EPX 80-W90 (Канистра 1л);141,36;5;ЕССО
EB-AZLS90-12X1L;Масло трансмисс. Castrol  Axle Z Limited slip 90 (Канистра 1л);194,7;5;ЕССО
EB-MEP809-12X1L;Масло трансмисс. Castrol  Manual EP 80W-90 (Канистра 1л);145,26;5;ЕССО
EB-STX759-12X1L;Масло трансмисс. Castrol   Syntrans Transaxle 75W-90 (Канистра 1л);310,8;5;ЕССО
EB-SYNLS7-12X1L;Масло трансмисс. Castrol  Syntrax Limited Slip 75W-140 (Канистра 1л);333,48;5;ЕССО
EB-SYNM759-12X1;Масло трансмисс. Castrol  Syntrans Multivehicle 75W-90 (Канистра 1л);328,8;5;ЕССО
EB-SYNTLL-12X1L;Масло трансмисс. Castrol   Syntrax Longlife 75W-140 (Канистра 1л);283,98;5;ЕССО
EB-SYNTLL9-12X1;Масло трансмисс. Castrol  Syntrax Longlife 75W-90 (Канистра 1л);364,44;5;ЕССО
EB-SYNUP7-12X1L;Масло трансмисс. Castrol  Syntrax Universal Plus 75W-90 (Канистра 1л);298,5;5;ЕССО
EB-SYNVFE-12X1L;Масло трансмисс. Castrol Syntrans V FE 75W-80 (Канистра 1л);300,36;5;ЕССО
EB-TRAD3M-12X1L;Масло трансмисс. Castrol  Transmax Dex III Multivehicle  (Канистра 1л);171,96;5;ЕССО
EB-TRANSDL-12x1;Масло трансмисс. Castrol   Transmax DUAL  (Канистра 1л);271,68;5;ЕССО
EB-TRANSZ-12X1L;Масло трансмисс. Castrol   Transmax Z (Канистра 1л);271,02;5;ЕССО
N4-MAG10B4-4X4S;Масло моторн. Castrol  Magnatec 10w-40 A3/B4 (Канистра 4л);547,92;5;ЕССО
N4-MAG10B4-X1S;Масло моторн. Castrol  Magnatec 10w-40 A3/B4 (Канистра 1л);160,38;5;ЕССО
N4-MAG54A3-4X4S;Масло моторн. Castrol   Magnatec 5W-40 A3/В4  (Канистра 4л);726,9;5;ЕССО
N4-MAG54A3-X1S;Масло моторн. Castrol   Magnatec 5W-40 A3/В4  (Канистра 1л);202,02;5;ЕССО
R1-EDG0334-12X1;Масло моторн. Castrol  EDGE 0W-30 (Канистра 1л);296,04;5;ЕССО
R1-EDG0334-4X4L;Масло моторн. Castrol  EDGE 0W-30 (Канистра 4л);1085,76;5;ЕССО
R1-EDG04B4-12X1;Масло моторн. Castrol  EDGE  0W-40 А3/В4 (Канистра 1л);285,12;5;ЕССО
R1-EDG04B4-4X4L;Масло моторн. Castrol  EDGE  0W-40 А3/В4 (Канистра 4л);1045,74;5;ЕССО
R1-EDG54C3-12X1;Масло моторн. Castrol  EDGE 5W-40 С3 (Канистра 1л);222,18;5;ЕССО
R1-EDG54C3-4X4L;Масло моторн. Castrol  EDGE 5W-40 С3 (Канистра 4л);806,16;5;ЕССО
R1-EDGE106-12x1;Масло моторн. Castrol  EDGE 10W- 60 (Канистра 1л);279,36;5;ЕССО
R1-EDGE106-4x4L;Масло моторн. Castrol  EDGE 10W- 60 (Канистра 4л);1004,52;5;ЕССО
R1-EDGE530-12X1;Масло моторн. Castrol  EDGE 5W-30 (Канистра 1л);263,88;5;ЕССО
R1-EDGE530-4X4L;Масло моторн. Castrol  EDGE 5W-30 (Канистра 4л);910,44;5;ЕССО
R1-MAG53A3-4X4S;Масло моторн. Castrol   Magnatec 5W-30 A3/В4  (Канистра 4л);726,9;5;ЕССО
R1-MAG53A3-X1S;Масло моторн. Castrol   Magnatec 5W-30 A3/В4  (Канистра 1л);202,02;5;ЕССО
R1-MAG53A5-12X1;Масло моторн. Castrol  Magnatec 5w-30 A5  (Канистра 1л);191,88;5;ЕССО
R1-MAG53A5-4X4L;Масло моторн. Castrol   Magnatec 5W-30 A5  (Канистра 4л);691,08;5;ЕССО
R1-MAG53AP-4X4S;Масло моторн. Castrol   Magnatec 5W-30 AР (Канистра 4л);631,44;5;ЕССО
R1-MAG53AP-X1S;Масло моторн. Castrol   Magnatec 5W-30 AР (Канистра 1л);175,5;5;ЕССО
R1-MD5DPF-12X1S;Масло моторн. Castrol  Magnatec Diesel 5w-40 DPF (Канистра 1л);202,56;5;ЕССО
R1-MD5DPF-4X4S;Масло моторн. Castrol  Magnatec Diesel 5w-40 DPF (Канистра 4л);710,88;5;ЕССО
R1-V5540-12X1N;Масло моторн. BP Visco 5000  5W-40 API SL/CF (Канистра 1л);160,38;5;ЕССО
R1-V5540-4X4N;Масло моторн. BP Visco 5000  5W-40 API SL/CF (Канистра 4л);568,2;5;ЕССО
R1-VT104-20L;Масло моторн. Castrol Vecton 10W-40 API CI-4/SL  (Канистра 20л);1798,68;5;ЕССО
RS-V3A3B4-12x1L;Масло моторн. BP Visco 3000 A3/B4 10W-40 (Канистра 1л);124,56;5;ЕССО
RS-V3A3B4-4x4L;Масло моторн. BP Visco 3000 A3/B4 10W-40 (Канистра 4л);439,14;5;ЕССО
RU-MAGDB4-12X1S;Масло моторн. Castrol  Magnatec Diesel 10w-40 B4 (Канистра 1л);173,7;5;ЕССО
RU-MAGDB4-4X4S;Масло моторн. Castrol Magnatec Diesel 10w-40 B4 (Канистра 4л);580,26;5;ЕССО
U7-EEP8090-12X1;Масло трансмисс. BP Energear EP 80W-90 (Канистра 1л);128,46;5;ЕССО
U7-EHT7590-12x1;Масло трансмисс. BP Energear HT 75W-90 (Канистра 1л);202,62;5;ЕССО
U7-SGX759-12X1L;Масло трансмисс. BP Energear SGX 75W-90 (Канистра 1л);234,78;5;ЕССО
25185395;Масло моторн. Delphi  PRESTIGE 5W-30  SL/CF (Канистра 4л);487,6;5;ЕССО
2795886;Масло моторн. Delphi PRESTIGE 10W-40 SL/CF (Бочка 60л);5991,54;5;ЕССО
2795883;Масло моторн. Delphi PRESTIGE 10W-40 SL/CF (Канистра 1л);118,64;5;ЕССО
25185359;Масло моторн. Delphi PRESTIGE 10W-40 SL/CF (Канистра 4л);395,36;5;ЕССО
25067063;Масло моторн. Delphi PRESTIGE PLUS 5W-40 SL/CF (Канистра 1л);135,35;5;ЕССО
28236315;Масло моторн. Delphi PRESTIGE SUPER PLUS C3 5W-40 SM/CF (Канистра 1л);149,05;5;ЕССО
93892551;Масло трансмисс. Delphi GEAR OIL 4 80W-90 GL5 (Канистра 1л);125,66;5;ЕССО
ISO VG 46 HVLP;Масло гидравл. AGIP ARNICA 46 (Канистра 18кг);1806,35;5;ЕССО
ISO VG 46 HLP;Масло гидравл. AGIP OSO 46 (Канистра 20л);1766,25;5;ЕССО
ISO VG 46;Масло гидравл. Eni OSO 46 (Бочка 208л);15508,55;5;ЕССО
ISO VG 46;Масло гидравл. Eni OSO 46 (Канистра 4л);364,28;5;ЕССО
DIN 51506 VDL;Масло компресс. AGIP DICREA 100 (Канистра 20л);1827,07;5;ЕССО
DIN 51506 VDL;Масло компресс. Eni DICREA 46 (Канистра 18л);1975,79;5;ЕССО
15W-40 SL/CF;Масло моторн. ENI I-Base 15W-40 SL/CF (Бочка 205л);18613,94;5;ЕССО
15W-40 SL/CF;Масло моторн. ENI I-Base 15W-40 SL/CF (Канистра 1л);114,3;5;ЕССО
15W-40 SL/CF;Масло моторн. ENI I-Base 15W-40 SL/CF (Канистра 20л);1882,88;5;ЕССО
15W-40 SL/CF;Масло моторн. ENI I-Base 15W-40 SL/CF (Канистра 4л);433,12;5;ЕССО
15W-40 SL/CF;Масло моторн. ENI I-Base 15W-40 SL/CF (Канистра 5л);539,73;5;ЕССО
15W-40 SG/CD;Масло моторн. ENI I-Base professIonal 15W-40 SG/CD Канистра 20л;1950,73;5;ЕССО
4T 10W40;Масло моторн. ENI i-Ride moto 10w-40 4Т (Канистра 1 л);170,44;5;ЕССО
4Т 10W-40;Масло моторн. ENI i-Ride scooter 10w-40 4Т (Канистра 1л);198,51;5;ЕССО
15W-40;Масло моторн. ENI i-Sigma perfomance E3 15w-40  (Бочка 60л);5815,08;5;ЕССО
15W-40;Масло моторн. ENI i-Sigma perfomance E3 15w-40  (Канистра 20л);1871,85;5;ЕССО
15w-40;Масло моторн. ENI i-Sigma perfomance E3 15w-40  (Канистра 4л);385,33;5;ЕССО
10W-40;Масло моторн. ENI i-Sigma perfomance E4 10w-40 ACEA E4  (Бочка 205л);20766,85;5;ЕССО
10W-40;Масло моторн. ENI i-Sigma perfomance E4 10w-40 ACEA E4  (Канистра 20л);2590,05;5;ЕССО
15w-40;Масло моторн. ENI i-Sigma perfomance E7 15w-40 API CI-4/CH-4/SL (Бочка 205л);18050,81;5;ЕССО
15w-40;Масло моторн. ENI i-Sigma perfomance E7 15w-40 API CI-4/CH-4/SL (Канистра  20л);1831,75;5;ЕССО
10w-40;Масло моторн. Eni i-Sigma top 10W-40 API CF ACEA E4/E7 (Бочка 205л);28236,22;5;ЕССО
10w-40;Масло моторн. Eni i-Sigma top 10W-40 API CF ACEA E4/E7 (Канистра 20л);2765,17;5;ЕССО
10w-40;Масло моторн. Eni i-Sigma universal 10W-40 API CI-4 ACEA E7 A3/B3/B4 (Бочка 205л);22166,82;5;ЕССО
10w-40;Масло моторн. Eni i-Sigma universal 10W-40 API CI-4 ACEA E7 A3/B3/B4 (Канистра 20л);2206,05;5;ЕССО
10w-40;Масло моторн. Eni i-Sigma universal 10W-40 API CI-4 ACEA E7 A3/B3/B4 (Канистра 4л);461,86;5;ЕССО
10W-40 SM/CF;Масло моторн. ENI I-Sint 10W-40 SM/CF (Бочка 205л);20607,77;5;ЕССО
10W-40 SM/CF;Масло моторн. ENI I-Sint 10W-40 SM/CF (Канистра 1л);117,97;5;ЕССО
10W-40 SM/CF;Масло моторн. ENI I-Sint 10W-40 SM/CF (Канистра 4л);451,5;5;ЕССО
5W-30 A3/B4/C3;Масло моторн. ENI I-Sint 5W-30 A3/B4/C3 (Канистра 1л);208,54;5;ЕССО
5W-30 A3/B4/C3;Масло моторн. ENI I-Sint 5W-30 A3/B4/C3 (Канистра 4л);806,76;5;ЕССО
5W-40 SM/CF;Масло моторн. ENI I-Sint 5W-40 SM/CF (Канистра 1л);184,48;5;ЕССО
5W-40 SM/CF;Масло моторн. ENI I-Sint 5W-40 SM/CF (Канистра 4л);706,5;5;ЕССО
5W-40;Масло моторн. ENI I-Sint 5W-40 SM/CF (Канистра 5л);943,45;5;ЕССО
5W-30 SM/CF;Масло моторн. ENI I-Sint FE 5W-30 SM/CF (Канистра 1л);185,15;5;ЕССО
5W-30 SM/CF;Масло моторн. ENI I-Sint FE 5W-30 SM/CF (Канистра 4л);682,1;5;ЕССО
5W-30 SM/CF;Масло моторн. ENI I-Sint MS 5W-30 SM/CF (Канистра 1л);193,17;5;ЕССО
5W-30 SM/CF;Масло моторн. ENI I-Sint MS 5W-30 SM/CF (Канистра 4л);743,93;5;ЕССО
5W-40 SM/CF;Масло моторн. ENI I-Sint MS 5W-40 SM/CF (Канистра 1л);192,83;5;ЕССО
5W-40 SM/CF;Масло моторн. ENI I-Sint MS 5W-40 SM/CF (Канистра 4л);741,92;5;ЕССО
10W-40 SL/CF;Масло моторн. ENI I-Sint professIonal 10W-40 SL/CF (Бочка 205л);22285,46;5;ЕССО
10W-40 SL/CF;Масло моторн. ENI I-Sint professIonal 10W-40 SL/CF (Бочка 60л);6461,42;5;ЕССО
10W-40;Масло моторн. ENI I-Sint professIonal 10W-40 SL/CF (Канистра 1л);128;5;ЕССО
10W-40 SL/CF;Масло моторн. ENI I-Sint professIonal 10W-40 SL/CF (Канистра 20л);2212,4;5;ЕССО
10W-40 SL/CF;Масло моторн. ENI I-Sint professIonal 10W-40 SL/CF (Канистра 5л);549,09;5;ЕССО
5W-40 SL/CF;Масло моторн. ENI I-Sint professIonal 5W-40 SL/CF (Канистра 1л);165,43;5;ЕССО
5W-40 SL/CF;Масло моторн. ENI I-Sint professIonal 5W-40 SL/CF (Канистра 5л);754,29;5;ЕССО
10W-40 LT/FS;Масло моторн. ENI I-Sint TD 10W-40 CF (Бочка 205л);20766,85;5;ЕССО
10W-40 LT/TA;Масло моторн. ENI I-Sint TD 10W-40 CF (Канистра 1л);119,31;5;ЕССО
10W-40 LT/TA;Масло моторн. ENI I-Sint TD 10W-40 CF (Канистра 4л);460,86;5;ЕССО
0W-30 A5/B5;Масло моторн. ENI I-Sint tech 0w-30 A5/B5 (Канистра 1л);271,04;5;ЕССО
0W-30 A5/B5;Масло моторн. ENI I-Sint tech 0w-30 A5/B5 (Канистра 4л);1060,75;5;ЕССО
5W-30 A5/B5;Масло моторн. ENI I-Sint tech F 5W-30 A5/B5 (Канистра 1л);192,83;5;ЕССО
5W-30 A5/B5;Масло моторн. ENI I-Sint tech F 5W-30 A5/B5 (Канистра 4л);756,29;5;ЕССО
5W-30 SL/CF;Масло моторн. ENI I-Sint tech G 5W-30 SL/CF (Канистра 1л);214,22;5;ЕССО
5W-30 SL/CF;Масло моторн. ENI I-Sint tech G 5W-30 SL/CF (Канистра 4л);807,43;5;ЕССО
5W-30 C4;Масло моторн. ENI I-Sint tech R 5W-30 C4 (Канистра 1л);259,67;5;ЕССО
80w-90 API GL-3;Масло трансмисс. AGIP ROTRA 80W-90 GL-3 (Канистра 20л);2195,36;5;ЕССО
75w-80 API GL-4+;Масло трансмисс. AGIP ROTRA FE 75W-80 GL-4+ (Канистра 1л);156,74;5;ЕССО
75w-80 API GL-4+;Масло трансмисс. AGIP ROTRA FE 75W-80 GL-4+ (Канистра 20л);2913,56;5;ЕССО
75w-80 API GL-4+;Масло трансмисс. AGIP ROTRA FE 75W-80 GL-4+ (Канистра 4л);591,87;5;ЕССО
75W/90 API GL-4,GL-5;Масло трансмисс. AGIP ROTRA LSX 75W-90 GL-4,GL-5 (Канистра 1л);414,41;5;ЕССО
85W/140 GL-5;Масло трансмисс. AGIP ROTRA MP 85W-140 GL-5 (Канистра 4л);467,88;5;ЕССО
80W GL-4;Масло трансмисс. eni Multitech JD/F 10w30 (80w) GL-4 (Канистра 20л);2645,19;5;ЕССО
ATF II D;Масло трансмисс. Eni Rotra ATF II D (Канистра 20л);2353,77;5;ЕССО
Rotra ATF III;Масло трансмисс. eni Rotra ATF III (Канистра 1л);180,47;5;ЕССО
Rotra ATF III;Масло трансмисс. eni Rotra ATF III (Канистра 4л);727,55;5;ЕССО
80W GL-4;Масло трансмисс. Eni ROTRA HY DB 80W GL-4 (Канистра 20л);2006,87;5;ЕССО
80W/90 API GL-5;Масло трансмисс. Eni ROTRA MP 80W-90 GL-5 (Бочка 205л);21352,04;5;ЕССО
80W/90 API GL-5;Масло трансмисс. Eni ROTRA MP 80W-90 GL-5 (Канистра 1л);122,99;5;ЕССО
80W/90 API GL-5;Масло трансмисс. Eni ROTRA MP 80W-90 GL-5 (Канистра 20л);2209,06;5;ЕССО
80W/90 API GL-5;Масло трансмисс. Eni ROTRA MP 80W-90 GL-5 (Канистра 4л);460,53;5;ЕССО
85W/140 API GL-5;Масло трансмисс. Eni ROTRA MP 85W-140 GL-5 (Канистра 1л);124,66;5;ЕССО
85W/140 API GL-5;Масло трансмисс. Eni ROTRA MP 85W-140 GL-5 (Канистра 20л);2272,89;5;ЕССО
Смазка;Смазка AGIP GR MU EP 00 (Ведро 5кг);926,07;5;ЕССО
Смазка;Смазка AGIP GR MU EP 2 (Туба 0,4кг);114,63;5;ЕССО
Смазка;Смазка AGIP GR SM 2 (с MoS2) (Ведро 5кг);1282,66;5;ЕССО
Смазка;Смазка AGIP GR SM 2 (с MoS2) (Туба 0,4кг);158,08;5;ЕССО
Смазка;Смазка Eni GR MU EP 2 (Ведро 18кг);2305,31;5;ЕССО
Смазка;Смазка Eni GR MU EP 2 (Ведро 5кг);647,01;5;ЕССО
0W-20;Масло моторн. MOBIL 1 0W-20 API SN/CF, AСEA A1/B1,ILSAC GF-5 (Канистра 1л);333,24;5;ЕССО
0W-20;Масло моторн. MOBIL 1 0W-20 API SN/CF, AСEA A1/B1,ILSAC GF-5 (Канистра 4л);989,64;5;ЕССО
5W-30;Масло моторн. Mobil 1 ESP Formula 5W-30 API SN/CF (Канистра 1л);285,72;5;ЕССО
5W-30;Масло моторн. Mobil 1 ESP Formula 5W-30 API SN/CF (Канистра 4л);1087,02;5;ЕССО
5W-30;Масло моторн. Mobil 3000 5W-30 Formula FE (Канистра 1л);186,9;5;ЕССО
5W-30;Масло моторн. Mobil 3000 5W-30 Formula FE (Канистра 4л);693,18;5;ЕССО
10W40;Масло моторн. MOBIL DELVAC MX  EXTRA 10W-40 API CI-4/SL(Канистра 20 л);2189,46;5;ЕССО
15W40;Масло моторн. MOBIL DELVAC MX 15W-40 API CI-4/SL (Канистра 20л);1971,48;5;ЕССО
10W40 SL/CF;Масло моторн. Mobil Super 2000x1 10W-40 API SL/CF (Канистра 4л);551,94;5;ЕССО
10W40;Масло моторн. Mobil Super 2000x1 DIESEL 10W-40 API CF (Канистра 1л);156;5;ЕССО
10W40;Масло моторн. Mobil Super 2000x1 DIESEL 10W-40 API CF (Канистра 4л);551,94;5;ЕССО
5W-40 SN/SM;Масло моторн. MOBIL SUPER 3000 5W-40 API SN/SM (Канистр 1л);210,54;5;ЕССО
5W-40 SN/SM;Масло моторн. MOBIL SUPER 3000 5W-40 API SN/SM (Канистра 4л);753;5;ЕССО
5W-40 CF;Масло моторн. MOBIL SUPER 3000 Diesel 5W-40 API CF (Канистр 4л);706,86;5;ЕССО
10W-40 SL/CF;Масло моторн. Mobil ULTRA 10W-40 API SL/CF (Канистра 1л);123,96;5;ЕССО
10W-40 SL/CF;Масло моторн. Mobil ULTRA 10W-40 API SL/CF (Канистра 4л);418,14;5;ЕССО
0w40;Масло моторн. Mobil1 0W-40 API SN/CF ACEA A3/B3 (Канистра 1л);308,64;5;ЕССО
0w40;Масло моторн. Mobil1 0W-40 API SN/CF ACEA A3/B3 (Канистра 4л);1053,24;5;ЕССО
5w50;Масло моторн. Mobil1 5W-50 API SM/CF ACEA A3/B4 (Канистра 4л);1022,58;5;ЕССО
5w50;Масло моторн. Mobil1 5W-50 API SN/CF ACEA A3/B4 (Канистра 1л);309,66;5;ЕССО
ATF Dex IID;Масло трансмисс. Mobil ATF 220 Dexron IID (Канистра 1л);162,78;5;ЕССО
ATF;Масло трансмисс. Mobil ATF 320 (Канистра 1л);201,36;5;ЕССО
ATF;Масло трансмисс. Mobil ATF LT 71141 (Канистра 1л);254,76;5;ЕССО
80W-90 GL-4;Масло трансмисс. Mobilube GX 80W-90 API GL-4 (Канистра 1л);161,46;5;ЕССО
80W-90 GL-5;Масло трансмисс. Mobilube HD 80W-90 API GL-5 (Канистра 1л);161,46;5;ЕССО
22806;Масло трансмисс. FEBI  D-III (Канистар 1л);290,09;5;ЕССО
27975;Масло трансмисс. FEBI ATF CVT(Канистра 1л);360,27;5;ЕССО
8971;Масло трансмисс. FEBI ATF D-II (Канистар 1л);231,27;5;ЕССО
29934;Масло трансмисс. FEBI ATF D-III (Канистра 1л);381,66;5;ЕССО
21829;Масло трансмисс. FEBI SAE 75W GL-4 (Канистра 1л);333,53;5;ЕССО
32590;Масло трансмисс. FEBI SAE 75W-90 GL-5 (Канистра 1л);358,6;5;ЕССО
1386;Масло моторн. Liqui Moly Diesel  Leichtlauf 10W-40 API CF, ACEA B4-04 (Канистра 1л);225,3;5;ЕССО
1926;Масло моторн. Liqui Moly Diesel Synthoil  5W-40 API CF  ACEA B4-04 (Канистра 1л);356,46;5;ЕССО
1317;Масло моторн. Liqui Moly Leichtlauf 10W-40 API SL/CF, ACEA A3-04/B4-04 (Канистар 1л);211,92;5;ЕССО
7515;Масло моторн. Liqui Moly Leichtlauf Special AA  5W-30 API SN/CF (Канистра 1л);265,86;5;ЕССО
7516;Масло моторн. Liqui Moly Leichtlauf Special AA  5W-30 API SN/CF (Канистра 4л);1016,34;5;ЕССО
1192;Масло моторн. Liqui Moly Leichtlauf Special LL  5W-30 API SL/CF, ACEA A3-04/B4-04 (Канистра 1л);263,22;5;ЕССО
1917;Масло моторн. Liqui Moly MoS2 Leichtlauf 10W-40 API SL/CF  ACEA A3-04/B4-04 (Канистра 4л);688,5;5;ЕССО
7547;Масло моторн. Liqui Moly TOP TEC 4100 5W-40 API SN/CF  ACEA A3/B4/C3 (Канистра 4л);841,26;5;ЕССО
7501;Масло моторн. Liqui Moly TOP TEC 4100 5W-40 API SN/CF  ACEA A3/B4/C3 (Канистра 5л);1039,74;5;ЕССО
7660;Масло моторн. Liqui Moly TOP TEC 4200 5W-30 API SM/CF  ACEA A3-04/B4-04/C3-04 (Канистра 1л);359,28;5;ЕССО
3715;Масло моторн. Liqui Moly TOP TEC 4200 5W-30 API SM/CF  ACEA A3-04/B4-04/C3-04 (Канистра 4л);1374,18;5;ЕССО
7661;Масло моторн. Liqui Moly TOP TEC 4200 5W-30 API SM/CF  ACEA A3-04/B4-04/C3-04 (Канистра 5л);1543,86;5;ЕССО
10W-40 CF;Масло моторн. SHELL Helix Diesel HX7 SAE 10W-40 CF (Канистра 1л);122,04;5;ЕССО
10W-40 CF;Масло моторн. SHELL Helix Diesel HX7 SAE 10W-40 CF (Канистра 4л);453,18;5;ЕССО
5W-40 CF;Масло моторн. SHELL Helix Diesel Ultra SAE 5W-40 CF (Канистра 1л);181,98;5;ЕССО
5W-40 CF;Масло моторн. SHELL Helix Diesel Ultra SAE 5W-40 CF (Канистра 4л);681,06;5;ЕССО
15W-40 SJ/CF;Масло моторн. SHELL Helix HX3 SAE 15W-40 SJ/CF (Канистра 1л);94,32;5;ЕССО
15W-40 SJ/CF;Масло моторн. SHELL Helix HX3 SAE 15W-40 SJ/CF (Канистра 4л);357,24;5;ЕССО
10W-40;Масло моторн. SHELL Helix HX7 SAE 10W-40  (Канистра 4л);393;5;ЕССО
10W-40;Масло моторн. SHELL Helix HX7 SAE 10W-40 (Канистра 1л);105,36;5;ЕССО
10W-40 SM/CF;Масло моторн. SHELL Helix HX7 SAE 10W-40 SM/CF (Канистра 20л);1675,74;5;ЕССО
5W-30;Масло моторн. SHELL Helix HX8 SAE 5W-30 SN/CF (Канистра 1л);153,42;5;ЕССО
5W-30;Масло моторн. SHELL Helix HX8 SAE 5W-30 SN/CF (Канистра 4л);559,8;5;ЕССО
5W-40 SN/CF;Масло моторн. SHELL Helix HX8 SAE 5W-40 SN/CF (Канистра 1л);146,22;5;ЕССО
5W-40 SN/CF;Масло моторн. SHELL Helix HX8 SAE 5W-40 SN/CF (Канистра 4л);507,54;5;ЕССО
5W-30 SN/CF;Масло моторн. SHELL Helix Ultra E 5W-30 SN/CF (Канистра 1л);195,42;5;ЕССО
5W-30;Масло моторн. SHELL Helix Ultra ECT 5W-30 SN/CF (Канистра 4л);775,74;5;ЕССО
5W-30 SL/CF;Масло моторн. SHELL Helix Ultra ECT SAE 5W-30 SL/CF (Канистра 1л);195,42;5;ЕССО
5W-30 SL/CF;Масло моторн. SHELL Helix Ultra SAE 5W-30 SL/CF (Канистра 4л);652,86;5;ЕССО
5W-40 SN/CF;Масло моторн. SHELL Helix Ultra SAE 5W-40 SN/CF (Канистра 1л);163,74;5;ЕССО
5W-40 SN/CF;Масло моторн. SHELL Helix Ultra SAE 5W-40 SN/CF (Канистра 4л);624,66;5;ЕССО
Смазка;Смазка SHELL Gadus S2 V220 туба 0,4Kg;78,18;5;ЕССО
Смазка;Смазка SHELL Gadus S2 V220AD2 туба 0,4Kg;89,88;5;ЕССО
LHM;Масло гидравл. ELF LHM Citroen (Канистра 1л);178,38;5;ЕССО
2т;Масло моторн. ELF 2Т OFF ROAD (Канистра 1л) (замена Moto 2 HP);132,24;5;ЕССО
4т 10w40;Масло моторн. ELF 4T ROAD 10W-40 (Канистра 1л) (замена Moto 4 HP);131,28;5;ЕССО
15w40;Масло моторн. ELF EVOLUTION 500 TURBO DIESEL 15W-40 (Канистра 1л);103,5;5;ЕССО
15w40;Масло моторн. ELF EVOLUTION 500 TURBO DIESEL 15W-40 (Канистра 5л);595,8;5;ЕССО
10W40;Масло моторн. ELF EVOLUTION 700 STI 10W-40 (Канистра 1л);151,56;5;ЕССО
10W40;Масло моторн. ELF EVOLUTION 700 TURBO DIESEL 10W-40 (Канистра 1л);143,7;5;ЕССО
10W40;Масло моторн. ELF EVOLUTION 700 TURBO DIESEL 10W-40 (Канистра 5л);585,9;5;ЕССО
5W40;Масло моторн. ELF EVOLUTION 900 NF 5W-40 (Канистра 1л);177,54;5;ЕССО
5W30;Масло моторн. ELF EVOLUTION 900 SXR 5W-30 (Канистра 1л);186,06;5;ЕССО
5W40;Масло моторн. ELF EVOLUTION 900 SXR 5W-40 (Канистра 1л);244,56;5;ЕССО
5W30;Масло моторн. ELF EVOLUTION FULL-TECH LLX 5W-30 (Канистра 1л);176,04;5;ЕССО
5W30;Масло моторн. ELF EVOLUTION FULL-TECH LLX 5W-30 (Канистра 5л);1464,13;5;ЕССО
5W40;Масло моторн. ELF EVOLUTION FULL-TECH LSX 5W-40 (Канистра 1л);250,08;5;ЕССО
5W40;Масло моторн. ELF EVOLUTION FULL-TECH LSX 5W-40 (Канистра 5л);1086,24;5;ЕССО
4т 10w50;Масло моторн. ELF Moto 4T XT Tech 10W-50 (Канистра 1л);146,1;5;ЕССО
15w40;Масло моторн. ELF TURBO DIESEL 15W-40 (Канистра 4л);525,84;5;ЕССО
15w40;Масло моторн. ELF TURBO DIESEL 15W-40 (Канистра 5л);598,44;5;ЕССО
Dexron-III;Масло трансмисс. ELF Elfmatic G3 Dexron-III (Канистра 1л);157,2;5;ЕССО
80W-90 GL-5;Масло трансмисс. ELF Tranself B 80W-90 GL-5 (Канистра 1л);144,66;5;ЕССО
80W/90 API GL-4;Масло трансмисс. ELF Tranself EP 80W-90 (GL-4) (Канистра 1л);150,9;5;ЕССО
75w-80 API GL-4+;Масло трансмисс. ELF Tranself NFJ 75W-80 (GL-4) (Канистра 1л);190,68;5;ЕССО
Смазка;Смазка ELF MULTI (с MoS2) (Туба 0,4кг);82,68;5;ЕССО
6572;Масло моторн. Wolver  Super Light SAE 10W-40 API SL/CF (Канистра 1л);102,72;5;ЕССО
6580;Масло моторн. Wolver  Turbo Super SAE 10W-40 API CI-4/SL (Канистра 1л);117,66;5;ЕССО
6581;Масло моторн. Wolver  Turbo Super SAE 10W-40 API CI-4/SL (Канистра 4л);414,12;5;ЕССО
6618;Масло моторн. Wolver  Two Stroke SPEED 2T API TC (Канистра 1л);108,3;5;ЕССО
6624;Масло трансмисс. Wolver  Multigrade Hypoid Gear Oil GL-5 SAE 80W90 API GL-5 (Канистра 1л);104,52;5;ЕССО
7227;Смазка Wolver  Modelux EP 2 (Канистра 0,4кг);66,96;5;ЕССО
4573;Масло гидравл. Yukoil МГЕ-46В ISO НМ ISO 46 (ведро жесть 20л);786,66;5;ЕССО
1785;Масло гидравл. Yukoil МГЕ-46В ISO НМ ISO 46 (Канистра 20л);786,66;5;ЕССО
4281;Масло гидравл. Yukoil МГЕ-46В ISO НМ ISO 46 (Канистра 5л);229,02;5;ЕССО
5267;Масло индустриальное Yukoil И-20А ISO HM ISO 32  (Канистра 20л);791,82;5;ЕССО
78;Масло моторн. Yukoil CLASSIC SAE 15W-40 API SF/CC (Канистра 1л);57,9;5;ЕССО
79;Масло моторн. Yukoil CLASSIC SAE 15W-40 API SF/CC (Канистра 4л);193,92;5;ЕССО
6079;Масло моторн. Yukoil DYNAMIC SAE 10W-40 API SF/CC (Канистра 1л);59,7;5;ЕССО
6080;Масло моторн. Yukoil DYNAMIC SAE 10W-40 API SF/CC (Канистра 5л);242,52;5;ЕССО
4878;Масло моторн. Yukoil SEMISYNTHETIC 4T SAE 10W-40 API SJ,SG (Канистра 1л);85,86;5;ЕССО
95;Масло моторн. Yukoil SEMISYNTHETIC SAE 10W-40 API SL/CF-4 (Канистра 4л);247,92;5;ЕССО
96;Масло моторн. Yukoil SEMISYNTHETIC SAE 10W-40 API SL/CF-4 (Канистра 5л);288,9;5;ЕССО
4489;Масло моторн. Yukoil VEGA SYNT SAE 10W-40 API SG/CD (Канистра 1л);63,6;5;ЕССО
4577;Масло моторн. Yukoil М-10Г2к SAE 30 API CC (Ведро 20л);791,82;5;ЕССО
1046;Масло моторн. Yukoil М-10ДМ SAE 30 API CD (Бочка 180кг);6114,42;5;ЕССО
4575;Масло моторн. Yukoil М-10ДМ SAE 30 API CD (Ведро 20л);842,64;5;ЕССО
5273;Масло моторн. Yukoil М-10ДМ SAE 30 API CD (Канистра 20л);802,5;5;ЕССО
1049;Масло моторн. Yukoil М-10ДМ SAE 30 API CD (Канистра 5л);231,24;5;ЕССО
1062;Масло моторн. Yukoil М-8В SAE 20W20 API SD/CB (Бочка 180кг);6703,86;5;ЕССО
4576;Масло моторн. Yukoil М-8В SAE 20W20 API SD/CB (Ведро 20л);825,6;5;ЕССО
3715;Масло моторн. Yukoil М-8В SAE 20W20 API SD/CB (Канистра 5л);218,34;5;ЕССО
103;Масло промывочное Yukoil  (Канистра 3,2л);156,18;5;ЕССО
104;Масло промывочное Yukoil  (Канистра 4л);177,54;5;ЕССО
4563;Масло трансмисс. Yukoil  Нигрол-Л SAE 140 API GL-1 (Ведрпо 20л);662,22;5;ЕССО
6030;Масло трансмисс. Yukoil  Нигрол-Л SAE 140 API GL-1 (Канистра 20л);662,22;5;ЕССО
1790;Масло трансмисс. Yukoil  Нигрол-Л SAE 140 API GL-1 (Канистра 5л);175,8;5;ЕССО
4279;Масло трансмисс. Yukoil  ТАп-15В SAE 90 API GL-3 (Канистра 5л);236,1;5;ЕССО
4510;Масло трансмисс. Yukoil Нигрол-Л SAE 140 API GL-1 (Канистра 1л);44,76;5;ЕССО
8943;Смазка YUKOIL Литол-24 (банка 0,4 кг / 0,5 л);39,12;5;ЕССО
8626;Смазка графитная NLGI 2 Yukoil (0,8кг ж/банка);44,76;5;ЕССО
4456;Смазка графитная NLGI 2 Yukoil (дой-пак 0,375кг);24,84;5;ЕССО
8624;Смазка Литол-24 NLGI 3 Yukoil (0,8кг ж/банка);63,6;5;ЕССО
1280;Смазка Литол-24 NLGI 3 Yukoil (ведро жесть 17кг);1020,84;5;ЕССО
5428;Смазка Литол-24 NLGI 3 Yukoil (ведро пл. 4,5кг);257,46;5;ЕССО
4906;Смазка Литол-24 NLGI 3 Yukoil (ведро пл. 9кг);513,06;5;ЕССО
4352;Смазка Литол-24 NLGI 3 Yukoil (дой-пак 0,375кг);35,52;5;ЕССО
3728;Смазка Солидол жировой NLGI 2-3 Yukoil (ведро жесть 17кг);555,78;5;ЕССО
5429;Смазка Солидол жировой NLGI 2-3 Yukoil (ведро пл. 4,5кг);147,42;5;ЕССО
4905;Смазка Солидол жировой NLGI 2-3 Yukoil (ведро пл. 9кг);284,1;5;ЕССО
4353;Смазка Солидол жировой NLGI 2-3 Yukoil (дой-пак 0,375кг);23,1;5;ЕССО
4916;Смазка ШРУС-4 NLGI 2EP 2 Yukoil (дой-пак 0,375кг);53,22;5;ЕССО
3327;Масло моторн. ZIC 4T (Канистра 1л);130,98;5;ЕССО
3128;Масло моторн. ZIC 5000 10W-40 (Канистра 6л);631,74;5;ЕССО
3134;Масло моторн. ZIC 5000 5W-30 (Канистра 1л);136,2;5;ЕССО
3134;Масло моторн. ZIC 5000 5W-30 (Канистра 4л);454,02;5;ЕССО
3134;Масло моторн. ZIC 5000 5W-30 (Канистра 6л);641,82;5;ЕССО
7144;Масло моторн. ZIC A 10W-40 (Бочка 200л);13779,3;5;ЕССО
7144;Масло моторн. ZIC A 10W-40 (Бочка 20л);1561,98;5;ЕССО
3393;Масло моторн. ZIC A+ 10W-40 (Бочка 200л);16741,26;5;ЕССО
3393;Масло моторн. ZIC A+ 10W-40 (Бочка 20л);1714,32;5;ЕССО
3393;Масло моторн. ZIC A+ 10W-40 (Канистра 1л);98,46;5;ЕССО
3393;Масло моторн. ZIC A+ 10W-40 (Канистра 6л);547,44;5;ЕССО
3051;Масло моторн. ZIC A+ 5W-30 (Канистра 1л);133,86;5;ЕССО
3129;Масло моторн. ZIC RV 10W-40 (Бочка 200л);14392,02;5;ЕССО
3129;Масло моторн. ZIC RV 10W-40 (Канистра 6л);563,4;5;ЕССО
3126;Масло моторн. ZIC SD5000 15W-40 (Бочка 20л);1599,3;5;ЕССО
3126;Масло моторн. ZIC SD5000 15W-40 (Канистра 4л);365,04;5;ЕССО
3126;Масло моторн. ZIC SD5000 15W-40 (Канистра 6л);524,7;5;ЕССО
3201;Масло моторн. ZIC XQ LS 5W-30 (Канистра 4л);683,58;5;ЕССО
7145;Масло моторн. ZIC XQ TOP 5W-30 (Канистра 1л);221,58;5;ЕССО
3400;Масло промывочное ZIC FLUSHING (Бочка 200л);10806,78;5;ЕССО
3342;Масло трансмисс. ZIC ATF-3 (English) (Бочка 20л);2173,74;5;ЕССО
3340;Масло трансмисс. ZIC ATF-3 (Канистра 4л);477,24;5;ЕССО
3339;Масло трансмисс. ZIC G-5 80W-90 (Бочка 200л);16939,38;5;ЕССО
3339;Масло трансмисс. ZIC G-5 80W-90 (Канистра 4л);457,98;5;ЕССО
3336;Масло трансмисс. ZIC G-5 85W-140 (Канистра 4л);457,98;5;ЕССО
7033;Масло трансмисс. ZIC G-EP 80W-90 (Канистра 1л);116,94;5;ЕССО
7013;Масло трансмисс. ZIC SK G-F TOP 75W-85 (Канистра 1л);225,18;5;ЕССО
7013;Масло трансмисс. ZIC SK G-F TOP 75W-85 (Канистра 4л);815,76;5;ЕССО
3179;Масло трансмисс. ZIC SK UTF 65  (Канистра 20л);2123,52;5;ЕССО
3179;Масло трансмисс. ZIC SK UTF 65  (Канистра 20л) (1-й сорт);1143,54;5;ЕССО
4834;Смазка пластичная ZIC CROWN GREASE EP00 (ведро 15кг);2203,98;5;ЕССО
4837;Смазка пластичная ZIC CROWN GREASE EP2 (ведро 15кг);2086,2;5;ЕССО
;;;5;ЕССО
И-20;Масло гидравл. Агринол И-20 (Бочка 180кг);5757,72;5;ЕССО
И-20;Масло гидравл. Агринол И-20 (Канистра 20л);620,1;5;ЕССО
МГЕ-46В;Масло гидравл. Агринол МГЕ-46В (Бочка 180кг);6118,2;5;ЕССО
МГЕ-46В;Масло гидравл. Агринол МГЕ-46В (Канистра 10л);387,84;5;ЕССО
МГЕ-46В;Масло гидравл. Агринол МГЕ-46В (Канистра 20л);735,42;5;ЕССО
И-40А;Масло индустриальное Агринол И-40А (Канистра 20л);620,1;5;ЕССО
КС-19;Масло компресс. Агринол КС-19 (Канистра 20л);894,06;5;ЕССО
10W-40;Масло моторн. Агринол 10W-40 CF-4/SH (Канистра 10л);511,92;5;ЕССО
10W-40;Масло моторн. Агринол 10W-40 CF-4/SH (Канистра 20л);994,98;5;ЕССО
10W-40;Масло моторн. Агринол 10W-40 CG-4/SJ (Канистра 10л);501,48;5;ЕССО
10W-40;Масло моторн. Агринол 10W-40 CG-4/SJ (Канистра 1л);63,48;5;ЕССО
10W-40;Масло моторн. Агринол 10W-40 CG-4/SJ (Канистра 20л);1052,7;5;ЕССО
10W-40;Масло моторн. Агринол 10W-40 CG-4/SJ (Канистра 4л);223,56;5;ЕССО
10W-40;Масло моторн. Агринол 10W-40 SG/CD (Канистра 10л);432,6;5;ЕССО
10W-40;Масло моторн. Агринол 10W-40 SG/CD (Канистра 1л);47,64;5;ЕССО
10W-40;Масло моторн. Агринол 10W-40 SG/CD (Канистра 20л/17,5кг);821,94;5;ЕССО
10W-40;Масло моторн. Агринол 10W-40 SG/CD (Канистра 4л);168,72;5;ЕССО
10W-40;Масло моторн. Агринол 10W-40 SG/CD (Канистра 5л);210,54;5;ЕССО
15W-40;Масло моторн. Агринол 15W-40 CD (Канистра 1л);47,64;5;ЕССО
15W-40;Масло моторн. Агринол 15W-40 CD (Канистра 20л);821,94;5;ЕССО
15W-40;Масло моторн. Агринол 15W-40 CD (Канистра 4л);166,5;5;ЕССО
15W-40;Масло моторн. Агринол 15W-40 CD (Канистра 5л);215,46;5;ЕССО
15W-40;Масло моторн. Агринол 15W-40 CF-4/SG (Канистра 60л/52л);2477,16;5;ЕССО
15W-40;Масло моторн. Агринол 15W-40 CG-4/SJ (Канистра 20л/17,5 кг);865,2;5;ЕССО
15W-40;Масло моторн. Агринол 15W-40 CH-4/SJ (Канистра 10л);510,78;5;ЕССО
15W-40;Масло моторн. Агринол 15W-40 CH-4/SJ (Канистра 60л/52кг);2597,7;5;ЕССО
15W-40;Масло моторн. Агринол 15W-40 CI-4  (Канистра 20л);1031,04;5;ЕССО
15W-40;Масло моторн. Агринол 15W-40 SF/CC (Канистра 10л);369,36;5;ЕССО
15W-40;Масло моторн. Агринол 15W-40 SF/CC (Канистра 1л);46,2;5;ЕССО
15W-40;Масло моторн. Агринол 15W-40 SF/CC (Канистра 20л);721,02;5;ЕССО
15W-40;Масло моторн. Агринол 15W-40 SF/CC (Канистра 4л);162,96;5;ЕССО
15W-40;Масло моторн. Агринол 15W-40 SF/CC (Канистра 5л);201,9;5;ЕССО
20W-50;Масло моторн. Агринол 20W-50 SF/CC (Канистра 1л);47,64;5;ЕССО
20W-50;Масло моторн. Агринол 20W-50 SF/CC (Канистра 4л);164,4;5;ЕССО
20W-50;Масло моторн. Агринол 20W-50 SF/CC (Канистра 5л);201,9;5;ЕССО
10W-40;Масло моторн. Агринол CLASSIC 10W-40 SG/CD (Бочка 180л);7063,74;5;ЕССО
15W-40;Масло моторн. Агринол EXTRA-DIESEL 15W-40 CF-4/SG (Канистра 10л);472,74;5;ЕССО
10W-40;Масло моторн. Агринол GRAND-DIESEL 10W-40 CI-4 (Канистра 10л);620,1;5;ЕССО
10W-40;Масло моторн. Агринол GRAND-DIESEL 10W-40 CI-4 (Канистра 20л);1182,48;5;ЕССО
15W-40;Масло моторн. Агринол GRAND-DIESEL 15W-40 CI-4 (Канистра 60л);2854,8;5;ЕССО
15W-40;Масло моторн. Агринол HP-DIESEL 15W-40 CG-4/SJ (Канистра 10л);443,22;5;ЕССО
15W-40;Масло моторн. Агринол HP-DIESEL 15W-40 CG-4/SJ (Канистра 1л);57,72;5;ЕССО
15W-40;Масло моторн. Агринол HP-DIESEL 15W-40 CG-4/SJ (Канистра 4л);183,12;5;ЕССО
15W-40;Масло моторн. Агринол HP-DIESEL 15W-40 CG-4/SJ (Канистра 5л);237,96;5;ЕССО
2T;Масло моторн. Агринол Moto Drive 2T (Канистра 1л);66,36;5;ЕССО
4T;Масло моторн. Агринол Moto Drive 4T (Канистра 1л);75;5;ЕССО
2T;Масло моторн. Агринол Moto Racer 2T SAE-40 (Канистра 1л);49,08;5;ЕССО
10W-40;Масло моторн. Агринол OPTIMAL 10W-40 SL/CF (Бочка 180л);8373,9;5;ЕССО
10W-40;Масло моторн. Агринол OPTIMAL 10W-40 SL/CF (Канистра 10л);436,26;5;ЕССО
10W-40;Масло моторн. Агринол OPTIMAL 10W-40 SL/CF (Канистра 20л);1090,2;5;ЕССО
10W-40;Масло моторн. Агринол OPTIMAL 10W-40 SL/CF (Канистра 5л);297,42;5;ЕССО
М-10Г2к;Масло моторн. Агринол М-10Г2к (Бочка 180кг);5757,72;5;ЕССО
М-10Г2к;Масло моторн. Агринол М-10Г2к (Канистра 10л);317,28;5;ЕССО
М-10Г2к;Масло моторн. Агринол М-10Г2к (Канистра 20л);617,22;5;ЕССО
М-10Г2к;Масло моторн. Агринол М-10Г2к (Канистра 5л);158,64;5;ЕССО
М-10ДМ;Масло моторн. Агринол М-10ДМ (Бочка 180кг);5891,64;5;ЕССО
М-10ДМ;Масло моторн. Агринол М-10ДМ (Канистра 10л);324,48;5;ЕССО
М-10ДМ;Масло моторн. Агринол М-10ДМ (Канистра 20л);627,3;5;ЕССО
М-10ДМ;Масло моторн. Агринол М-10ДМ (Канистра 5л);165,84;5;ЕССО
М-8В;Масло моторн. Агринол М-8B (Канистра 10л);325,02;5;ЕССО
М-8В;Масло моторн. Агринол М-8B (Канистра 20л);641,7;5;ЕССО
ATF III;Масло трансмисс. Агринол A-MATIC PLUS ATF III (Канистра 1л);66,36;5;ЕССО
ATF IID;Масло трансмисс. Агринол ATF IID (Канистра 1л);59,16;5;ЕССО
80W-90;Масло трансмисс. Агринол Classic SAE 80W-90 API GL-4 (Канистра 10л);452,82;5;ЕССО
80W-90;Масло трансмисс. Агринол Classic SAE 80W-90 API GL-4 (Канистра 1л);54,84;5;ЕССО
80W-90;Масло трансмисс. Агринол Classic SAE 80W-90 API GL-4 (Канистра 20л);975,84;5;ЕССО
80W-90;Масло трансмисс. Агринол Classic SAE 80W-90 API GL-4 (Канистра 4л);187,5;5;ЕССО
80W-90;Масло трансмисс. Агринол GOLD SAE 80W-90 API GL-5 (Канистра 10л);492,66;5;ЕССО
80W-90;Масло трансмисс. Агринол Gold SAE 80W-90 API GL-5 (Канистра 1л);59,16;5;ЕССО
80W-90;Масло трансмисс. Агринол GOLD SAE 80W-90 API GL-5 (Канистра 20л);958,02;5;ЕССО
80W-90;Масло трансмисс. Агринол Gold SAE 80W-90 API GL-5 (Канистра 4л);206,22;5;ЕССО
85W-90;Масло трансмисс. Агринол Silver SAE 85W-90 API GL-5 (Канистра 1л);57,72;5;ЕССО
85W-90;Масло трансмисс. Агринол Silver SAE 85W-90 API GL-5 (Канистра 20л);954,96;5;ЕССО
85W-90;Масло трансмисс. Агринол Silver SAE 85W-90 API GL-5 (Канистра 4л);194,7;5;ЕССО
Нигрол;Масло трансмисс. Агринол Нигрол (Канистра 1л);38,34;5;ЕССО
Нигрол;Масло трансмисс. Агринол Нигрол (Канистра 20л/17,5кг);501,06;5;ЕССО
Нигрол;Масло трансмисс. Агринол Нигрол (Канистра 5л);162,12;5;ЕССО
ТАД-17и;Масло трансмисс. Агринол ТАД-17и  (Канистра 10л);374,94;5;ЕССО
ТАД-17и;Масло трансмисс. Агринол ТАД-17и  (Канистра 1л);43,26;5;ЕССО
ТАД-17и;Масло трансмисс. Агринол ТАД-17и  (Канистра 3л);115,38;5;ЕССО
Тап-15в;Масло трансмисс. Агринол ТАп-15в  (Канистра 10л);350,16;5;ЕССО
Тап-15в;Масло трансмисс. Агринол ТАп-15в (Канистра 20л);692,16;5;ЕССО
ТСп-15К;Масло трансмисс. Агринол ТСп-15К (Канистра 20л);752,76;5;ЕССО
EP-2;Смазка Ligrease EP-2 Агринол (ведро 3л/2,5кг);205,92;5;ЕССО
EP-2;Смазка Ligrease EP-2 Агринол (еврокартуш п/э. 0,4дм3);39,72;5;ЕССО
графит;Смазка графитная Агринол (Банка 0,4л);25,02;5;ЕССО
графит;Смазка графитная Агринол (Банка 0,8кг);39,84;5;ЕССО
Литол - 24;Смазка Литол-24 Агринол (Банка 1л);56,04;5;ЕССО
Литол - 24;Смазка Литол-24 Агринол (Банка 400гр);33,84;5;ЕССО
Литол - 24;Смазка Литол-24 Агринол (Ведро 10л/9кг);399,84;5;ЕССО
Литол - 24;Смазка Литол-24 Агринол (Ведро 17кг);959,04;5;ЕССО
Литол - 24;Смазка Литол-24 Агринол (Ведро 3л/2,5кг);161,82;5;ЕССО
Литол - 24;Смазка Литол-24 Агринол (Ведро 5л/4,5кг);252;5;ЕССО
Литол - 24;Смазка Литол-24 Агринол (Еврокартуш 0,4л);30,84;5;ЕССО
Литол - 24;Смазка Литол-24 Агринол (Туба 0,2л);14,16;5;ЕССО
СолидолЖ2;Смазка Солидол Ж-2 Агринол (Банка 0,4л);21;5;ЕССО
СолидолЖ2;Смазка Солидол Ж-2 Агринол (Банка 800г.);36,78;5;ЕССО
СолидолЖ2;Смазка Солидол Ж-2 Агринол (Ведро 10л);266,04;5;ЕССО
СолидолЖ2;Смазка Солидол Ж-2 Агринол (Ведро 17кг);523,62;5;ЕССО
Агринол Солидол Ж-2;Смазка Солидол Ж-2 Агринол (Ведро 3л/2,5кг);85,8;5;ЕССО
СолидолЖ2;Смазка Солидол Ж-2 Агринол (Ведро 5л/4,5кг);111,84;5;ЕССО
ШРБ-4;Смазка ШРБ-4 Агринол (банка 0,4л);61,8;5;ЕССО
ШРБ-4;Смазка ШРБ-4 Агринол (банка 0,8л);91,02;5;ЕССО
Шрус-4;Смазка ШРУС-4 Агринол (Банка 0,8л);103,2;5;ЕССО
Шрус-4;Смазка ШРУС-4 Агринол (Банка 400гр);57,48;5;ЕССО
Шрус-4;Смазка ШРУС-4 Агринол (Еврокартуш 0,4л);46,32;5;ЕССО
Шрус-4;Смазка ШРУС-4 Агринол (Туба 0,2л);25,08;5;ЕССО
;;;5;ЕССО
МГЕ-46В;Масло гидравл. Gazpromneft МГЕ-46В (Канистра 20л);793,44;5;ЕССО
И-40;Масло индустриальное Gazpromneft И-40 (Канистра 20л);737,04;5;ЕССО
2T;Масло моторн. Gazpromneft Moto 2T (Канистра 1л);60,3;5;ЕССО
15W-40;Масло моторн. Gazpromneft Standart 15W-40 API SF/CC (Канистра 4л);184,8;5;ЕССО
20W-40;Масло моторн. Gazpromneft Standart 20W-50 API SF/CC (Канистра 1л);47,88;5;ЕССО
20W-40;Масло моторн. Gazpromneft Standart 20W-50 API SF/CC (Канистра 4л);170,46;5;ЕССО
10W-40;Масло моторн. Gazpromneft Super 10W-40 API SG/CD (Канистра 1л);60,12;5;ЕССО
10W-40;Масло моторн. Gazpromneft Super 10W-40 API SG/CD (Канистра 4л);232,44;5;ЕССО
10W-40;Масло моторн. Gazpromneft Super 10W-40 API SG/CD (Канистра 5л);271,08;5;ЕССО
15W-40;Масло моторн. Gazpromneft Super 15W-40 API SG/CD (Канистра 1л);60,6;5;ЕССО
15W-40;Масло моторн. Gazpromneft Super 15W-40 API SG/CD (Канистра 4л);206,16;5;ЕССО
М-10Г2К;Масло моторн. Gazpromneft М10-Г2К в/с (Канистра 20л);762,42;5;ЕССО
М-10Г2К;Масло моторн. Gazpromneft М10-Г2К в/с (Канистра 4л) (3,561 кг);171,12;5;ЕССО
М-10ДМ;Масло моторн. Gazpromneft М10-ДМ (Канистра 20л);775,98;5;ЕССО
М-8В;Масло моторн. Gazpromneft М-8В (Канистра 1л);47,46;5;ЕССО
80w85;Масло трансмисс. Gazpromneft GL-4 80W-85 (Канистра 1л);64,2;5;ЕССО
80w85;Масло трансмисс. Gazpromneft GL-4 80W-85 (Канистра 4л);215,52;5;ЕССО
80W-90;Масло трансмисс. Gazpromneft GL-5 80W-90 (Канистра 10л);516;5;ЕССО
Литол - 24;Смазка Gazpromneft Литол-24  (0,150кг);15,66;5;ЕССО
Смазка;Смазка Gazpromneft Литол-24  (0,350кг);30,12;5;ЕССО
Смазка;Смазка Gazpromneft Литол-24 (0,800кг);47,28;5;ЕССО
;;;5;ЕССО
2593;Жидкость амортизаторная OIL RIGHT 1л;48,9;5;ЕССО
602;Масло Автопромывочное LUXE МПА-2 (Канистра 4л);147,9;5;ЕССО
601;Масло Автопромывочное LUXE МПА-2 5 л;182,64;5;ЕССО
2603;Масло Автопромывочное OIL RIGHT (Канистра 3.5л);105,3;5;ЕССО
3602;Масло Автопромывочное Кама Ойл МПА-2 (Канистра 4л);127,62;5;ЕССО
620;Масло гидравл. LUXE Марка Р  (Канистра 10л);353,94;5;ЕССО
623;Масло гидравл. LUXE Марка Р  (Канистра 1л);46,68;5;ЕССО
2624;Масло гидравл. OIL RIGHT Марка А (Канистра 10л);345,36;5;ЕССО
2627;Масло гидравл. OIL RIGHT Марка А (Канистра 1л);40,56;5;ЕССО
2601;Масло гидравл. OILRIGHT МГЕ-46В (Канистра 10л);328,08;5;ЕССО
2600;Масло гидравл. OILRIGHT МГЕ-46В (Канистра 20л);645,06;5;ЕССО
2586;Масло гидравл. OILRIGHT МГЕ-46В (Канистра 30л);970,8;5;ЕССО
2591;Масло индустриальное OIL RIGHT И-20А (Канистра 10л);361,14;5;ЕССО
2590;Масло индустриальное OIL RIGHT И-20А (Канистра 1л);42,6;5;ЕССО
2588;Масло индустриальное OIL RIGHT И-20А (Канистра 20л);712,02;5;ЕССО
2589;Масло индустриальное OIL RIGHT И-20А (Канистра 30л);1060,92;5;ЕССО
2592;Масло индустриальное OIL RIGHT И-20А (Канистра 5л);186;5;ЕССО
2595;Масло индустриальное OIL RIGHT И-40А (Канистра 10л);361,14;5;ЕССО
2597;Масло индустриальное OIL RIGHT И-40А (Канистра 1л);42,6;5;ЕССО
2599;Масло индустриальное OIL RIGHT И-40А (Канистра 20л);712,02;5;ЕССО
2598;Масло индустриальное OIL RIGHT И-40А (Канистра 30л);1060,92;5;ЕССО
2587;Масло компресс. OILRIGHT КС-19 (Канистра 20л);789,84;5;ЕССО
4;Масло моторн.   LUXE EXTRA 5W40  SM/CF  (Канистра 4л);424,44;5;ЕССО
134;Масло моторн. LUXE  SL (LUXOIL S.LUX) 10W-40 SG/CD (Канистра 20л/16,4 кг);936,6;5;ЕССО
582;Масло моторн. LUXE  Супер 2Т п/с (Канистра 1л);56,04;5;ЕССО
580;Масло моторн. LUXE  Супер 2Т п/с (Канистра 3л);158,16;5;ЕССО
413;Масло моторн. LUXE DIESEL 15W-40 CG-4/SJ (Канистра 10л);472,2;5;ЕССО
416;Масло моторн. LUXE DIESEL 15W-40 CG-4/SJ (Канистра 1л);54,72;5;ЕССО
412;Масло моторн. LUXE DIESEL 15W-40 CG-4/SJ (Канистра 20л);898,44;5;ЕССО
411;Масло моторн. LUXE DIESEL 15W-40 CG-4/SJ (Канистра 30л);1323,66;5;ЕССО
414;Масло моторн. LUXE DIESEL 15W-40 CG-4/SJ (Канистра 5л);241,56;5;ЕССО
7;Масло моторн. LUXE EXTRA 5W40  SM/CF  (Канистра 1л);114,66;5;ЕССО
380;Масло моторн. LUXE GAS 15W-40 SJ/CF (Канистра 1л);53,28;5;ЕССО
118;Масло моторн. LUXE SL (LUXOIL S.LUX) SAE 10W-40 API SG/CD (Канистра 1л);53,22;5;ЕССО
117;Масло моторн. LUXE SL (LUXOIL S.LUX) SAE 10W-40 API SG/CD (Канистра 4л);195,54;5;ЕССО
116;Масло моторн. LUXE SL (LUXOIL S.LUX) SAE 10W-40 API SG/CD (Канистра 5л);241,02;5;ЕССО
111;Масло моторн. LUXE ЛЮКС  10W-40 SG/CD (Канистра 4л);213,12;5;ЕССО
112;Масло моторн. LUXE ЛЮКС  10W-40 SG/CE (Канистра 1л);58,56;5;ЕССО
110;Масло моторн. LUXE ЛЮКС  10W-40 SJ/CF (Канистра 5л);262,8;5;ЕССО
583;Масло моторн. LUXE М 12 ТП (Мото2Т) (Канистра 1л);51,3;5;ЕССО
501;Масло моторн. LUXE М10Г2к SAE 30 CC (Канистра 10л);382,32;5;ЕССО
500;Масло моторн. LUXE М10Г2к SAE 30 CC (Канистра 20л);754,74;5;ЕССО
499;Масло моторн. LUXE М10Г2к SAE 30 CC (Канистра 30л);1101,84;5;ЕССО
502;Масло моторн. LUXE М10Г2к SAE 30 CC (Канистра 5л);204,72;5;ЕССО
508;Масло моторн. LUXE М10ДМ SAE 30 CD  (Канистра 5л);211,56;5;ЕССО
507;Масло моторн. LUXE М10ДМ SAE 30 CD (Канистра 10л);391,44;5;ЕССО
506;Масло моторн. LUXE М10ДМ SAE 30 CD (Канистра 20л);772,74;5;ЕССО
505;Масло моторн. LUXE М10ДМ SAE 30 CD (Канистра 30л);1159,14;5;ЕССО
483;Масло моторн. LUXE М8В 20W-20 SD/CB (Канистра 10л);385,56;5;ЕССО
486;Масло моторн. LUXE М8В 20W-20 SD/CB (Канистра 1л);46,02;5;ЕССО
482;Масло моторн. LUXE М8В 20W-20 SD/CB (Канистра 20л);740,28;5;ЕССО
481;Масло моторн. LUXE М8В 20W-20 SD/CB (Канистра 30л);1070,82;5;ЕССО
484;Масло моторн. LUXE М8В 20W-20 SD/CB (Канистра 5л);200,82;5;ЕССО
115;Масло моторн. LUXE молибденосод. 10W-40  (Канистра 1л);61,86;5;ЕССО
114;Масло моторн. LUXE молибденосод. 10W-40  (Канистра 4л);222,72;5;ЕССО
368;Масло моторн. LUXE Стандарт  20W-50 SF/CC (Канистра 1л);51,42;5;ЕССО
366;Масло моторн. LUXE Стандарт  20W-50 SF/CC (Канистра 5л);224,34;5;ЕССО
361;Масло моторн. LUXE Стандарт 15W-40 SF/CC (Канистра 4л);177,9;5;ЕССО
360;Масло моторн. LUXE Стандарт 15W-40 SF/CC (Канистра 5л);220,44;5;ЕССО
362;Масло моторн. LUXE Стандарт 15W-40 SF/CC(Канистра 1л);51,06;5;ЕССО
305;Масло моторн. LUXE Супер 10W-40 SG/CD (Канистра 4л);188,64;5;ЕССО
304;Масло моторн. LUXE Супер 10W-40 SG/CD (Канистра 5л);231,72;5;ЕССО
306;Масло моторн. LUXE Супер 10W-40 SG/CF (Канистра 1л);52,92;5;ЕССО
309;Масло моторн. LUXE Супер 15W-40 SG/CD (Канистра 1л);52,8;5;ЕССО
308;Масло моторн. LUXE Супер 15W-40 SG/CD (Канистра 4л);193,56;5;ЕССО
307;Масло моторн. LUXE Супер 15W-40 SG/CD (Канистра 5л);232,68;5;ЕССО
315;Масло моторн. LUXE Супер 20W-50 SG/CD (Канистра 1л);51,96;5;ЕССО
313;Масло моторн. LUXE Супер 20W-50 SG/CD (Канистра 5л);234,06;5;ЕССО
312;Масло моторн. LUXE Супер Молибден 15W-40 SG/CD (Канистра 1л);53,76;5;ЕССО
311;Масло моторн. LUXE Супер Молибден 15W-40 SG/CD (Канистра 4л);197,46;5;ЕССО
310;Масло моторн. LUXE Супер Молибден 15W-40 SG/CD (Канистра 5л);240,66;5;ЕССО
421;Масло моторн. LUXЕ DIESEL 10W-40 CG-4/SJ  (Канистра 1л);68,82;5;ЕССО
423;Масло моторн. LUXЕ DIESEL 10W-40 CG-4/SJ  (Канистра 20л);1155;5;ЕССО
424;Масло моторн. LUXЕ DIESEL 10W-40 CG-4/SJ  (Канистра 30л);1602,12;5;ЕССО
422;Масло моторн. LUXЕ DIESEL 10W-40 CG-4/SJ  (Канистра 4л);249,72;5;ЕССО
121;Масло моторн. LUXЕ HIT SAE 10W-40 SL/CF  (Канистра 4л);222,48;5;ЕССО
352;Масло моторн. LUXЕ Стандарт 15W-40 SF/CC (Канистра 20л);790,08;5;ЕССО
2363;Масло моторн. OIL RIGHT 10W-40 SF/CC  (Канистра 4л);190,14;5;ЕССО
2357;Масло моторн. OIL RIGHT 10W-40 SF/CC  (Канистра 5л);233,94;5;ЕССО
2359;Масло моторн. OIL RIGHT 10W-40 SG/CD  (Канистра 1л);52,14;5;ЕССО
2501;Масло моторн. OIL RIGHT М10Г2к SAE 30 CC (Канистра 10л);350,1;5;ЕССО
2504;Масло моторн. OIL RIGHT М10Г2к SAE 30 CC (Канистра 1л);41,04;5;ЕССО
2500;Масло моторн. OIL RIGHT М10Г2к SAE 30 CC (Канистра 20л/16,4кг);678,36;5;ЕССО
2499;Масло моторн. OIL RIGHT М10Г2к SAE 30 CC (Канистра 30л);990,36;5;ЕССО
2502;Масло моторн. OIL RIGHT М10Г2к SAE 30 CC (Канистра 5л);184,02;5;ЕССО
2508;Масло моторн. OIL RIGHT М10ДМ SAE 30 CD  (Канистра 5л);192;5;ЕССО
2507;Масло моторн. OIL RIGHT М10ДМ SAE 30 CD (Канистра 10л);362,04;5;ЕССО
2506;Масло моторн. OIL RIGHT М10ДМ SAE 30 CD (Канистра 20л);701,4;5;ЕССО
2505;Масло моторн. OIL RIGHT М10ДМ SAE 30 CD (Канистра 30л);1033,26;5;ЕССО
2483;Масло моторн. OIL RIGHT М8В 20W-20 SD/CB (Канистра 10л);343,68;5;ЕССО
2486;Масло моторн. OIL RIGHT М8В 20W-20 SD/CB (Канистра 1л);41,76;5;ЕССО
2484;Масло моторн. OIL RIGHT М8В 20W-20 SD/CB (Канистра 5л);182,34;5;ЕССО
2374;Масло моторн. OIL RIGHT Стандарт 15W-40 SF/CC (Канистра 1л);46,44;5;ЕССО
2373;Масло моторн. OIL RIGHT Стандарт 15W-40 SF/CC (Канистра 4л);167,58;5;ЕССО
2372;Масло моторн. OIL RIGHT Стандарт 15W-40 SF/CC (Канистра 5л);205,32;5;ЕССО
2376;Масло моторн. OIL RIGHT Стандарт 20W-50 SF/CC (Канистра 4л);166,98;5;ЕССО
2375;Масло моторн. OIL RIGHT Стандарт 20W-50 SF/CC (Канистра 5л);206,4;5;ЕССО
2309;Масло моторн. OIL RIGHT Супер 15W-40 SG/CD (Канистра 1л);49,38;5;ЕССО
2307;Масло моторн. OIL RIGHT Супер 15W-40 SG/CD (Канистра 5л);212,82;5;ЕССО
3509;Масло моторн. Кама Ойл 10W40 (Канистра 4л);174,9;5;ЕССО
3503;Масло моторн. Кама Ойл 10W40 (Канистра1л);48,84;5;ЕССО
3362;Масло моторн. Кама Ойл 15W-40 SF/CC (Канистра 1л/0.75кг.);43,56;5;ЕССО
3360;Масло моторн. Кама Ойл 15w-40 SF/CC (Канистра 5л);188,28;5;ЕССО
3501;Масло моторн. Кама Ойл Дизель М10Г2к SAE 30 CC (Канистра 10л);306,18;5;ЕССО
3502;Масло моторн. Кама Ойл Дизель М10Г2к SAE 30 CC (Канистра 5л);175,56;5;ЕССО
3507;Масло моторн. Кама Ойл Дизель М10ДМ SAE 30 CD (Канистра 10л);313,5;5;ЕССО
3508;Масло моторн. Кама Ойл Дизель М10ДМ SAE 30 CD (Канистра 5л);179,7;5;ЕССО
3483;Масло моторн. Кама Ойл Классик М8В 20W-20 SD/CB (Канистра 10л/7,35кг);329,22;5;ЕССО
3486;Масло моторн. Кама Ойл Классик М8В 20W-20 SD/CB (Канистра 1л);38,52;5;ЕССО
3484;Масло моторн. Кама Ойл Классик М8В 20W-20 SD/CB (Канистра 5л);174,48;5;ЕССО
9075;Масло моторн. Спектрол Дипкурьер 10W-40 SL/CF п/с (Канистра 1л);87,06;5;ЕССО
9074;Масло моторн. Спектрол Дипкурьер 10W-40 SL/CF п/с (Канистра 4л);305,22;5;ЕССО
9073;Масло моторн. Спектрол Дипкурьер 10W-40 SL/CF п/с (Канистра 5л);376,5;5;ЕССО
9071;Масло моторн. Спектрол Дипкурьер 10W-50 SL/CF п/с (Канистра 1л);87,96;5;ЕССО
9070;Масло моторн. Спектрол Дипкурьер 10W-50 SL/CF п/с (Канистра 4л);308,16;5;ЕССО
9069;Масло моторн. Спектрол Дипкурьер 10W-50 SL/CF п/с (Канистра 5л);382,38;5;ЕССО
9056;Масло моторн. Спектрол Капитал 5W-40 SL/CF п/с (Канистра 1л);92,22;5;ЕССО
9055;Масло моторн. Спектрол Капитал 5W-40 SL/CF п/с (Канистра 4л);323,82;5;ЕССО
9054;Масло моторн. Спектрол Капитал 5W-40 SL/CF п/с (Канистра 5л);396,42;5;ЕССО
9212;Масло моторн. Спектрол ТурбоУниверсал 10W-40 CG-4/SJ п/с (Канистра 1л);92,52;5;ЕССО
9211;Масло моторн. Спектрол ТурбоУниверсал 10W-40 CG-4/SJ п/с (Канистра 4л);335,64;5;ЕССО
9210;Масло моторн. Спектрол ТурбоУниверсал 10W-40 CG-4/SJ п/с (Канистра 5л);406,14;5;ЕССО
9214;Масло моторн. Спектрол Чемпион част.синт. 15W-40 CG-4/SJ (Канистра 10л);839,84;5;ЕССО
9215;Масло моторн. Спектрол Чемпион част.синт. 15W-40 CG-4/SJ (Канистра 5л);320,46;5;ЕССО
10018;Масло трансмисс. HighWay ATF Dexron II (Канистра 1л);80,82;5;ЕССО
10020;Масло трансмисс. HighWay ATF Dexron III п/с (Канистра 1л);98,82;5;ЕССО
542;Масло трансмисс. LUXE 80W-90 GL-5 (ТАД17и) (Канистра 3л);138,6;5;ЕССО
559;Масло трансмисс. LUXE ATF-A Dexron III (Канистра 1л);72,66;5;ЕССО
539;Масло трансмисс. LUXE CLASSIC 80W-85 GL-4 (Канистра 1л);48,78;5;ЕССО
537;Масло трансмисс. LUXE CLASSIC 80W-85 GL-4 (Канистра 4л);175,44;5;ЕССО
547;Масло трансмисс. LUXE Стандарт 80W-90 GL-3 (Канистра 1л);47,4;5;ЕССО
546;Масло трансмисс. LUXE Стандарт 80W-90 GL-3 (Канистра 3л);131,7;5;ЕССО
543;Масло трансмисс. LUXE Супер 80W-90 GL-5 (ТАД17и) (Канистра 1л);50,16;5;ЕССО
560;Масло трансмисс. LUXЕ ATF DexronII (Канистра 1л);66,84;5;ЕССО
541;Масло трансмисс. LUXЕ Супер 80W-90 GL-5 (ТАД17и) (Канистра 20л/16,8кг);810,36;5;ЕССО
540;Масло трансмисс. LUXЕ Супер 80W-90 GL-5 (ТАД17и) (Канистра 30л/25кг);1191,6;5;ЕССО
2544;Масло трансмисс. OIL RIGHT ТАД-17 ТМ-5-18 80W-90 GL-5 (Канистра 10л);383,7;5;ЕССО
2547;Масло трансмисс. OIL RIGHT ТАД-17 ТМ-5-18 80W-90 GL-5 (Канистра 1л);44,34;5;ЕССО
2546;Масло трансмисс. OIL RIGHT ТАД-17 ТМ-5-18 80W-90 GL-5 (Канистра 3л);123,72;5;ЕССО
2548;Масло трансмисс. OIL RIGHT ТСп-15к SAE 85W-90 (Канистра 10л);398,4;5;ЕССО
2550;Масло трансмисс. OIL RIGHT ТСп-15к SAE 90 GL-3 (Канистра 3л);126,48;5;ЕССО
2552;Масло трансмисс. OIL RIGHT Тэп-15В SAE 90 GL-2 (Нигрол) (Канистра 10л);337,86;5;ЕССО
2554;Масло трансмисс. OIL RIGHT Тэп-15В SAE 90 GL-2 (Нигрол) (Канистра 1л);38,46;5;ЕССО
2553;Масло трансмисс. OIL RIGHT Тэп-15В SAE 90 GL-2 (Нигрол) (Канистра 3л);108,6;5;ЕССО
3547;Масло трансмисс. Кама Ойл Супер 80W-90 GL5 (ТАД-17и) (Канистра 1л);41,88;5;ЕССО
3546;Масло трансмисс. Кама Ойл Супер 80W-90 GL5 (ТАД-17и) (Канистра 3л);118,44;5;ЕССО
9551;Масло трансмисс. Спектрол Круиз 85W-90 (GL-5) мин (Канистра 1л);71,28;5;ЕССО
9550;Масло трансмисс. Спектрол Круиз 85W-90 (GL-5) мин (Канистра 3л);205,08;5;ЕССО
9553;Масло трансмисс. Спектрол Миссия 75W-90 (GL-4/GL-5) (Канистра 3л);398,76;5;ЕССО
9533;Масло трансмисс. Спектрол Синакс 75W-90 (GL-5) синт (Канистра 3л);535,68;5;ЕССО
9547;Масло трансмисс. Спектрол Форвард 80W-90 (GL-4) (Канистра 1л);87,66;5;ЕССО
9545;Масло трансмисс. Спектрол Форвард 80W-90 (GL-4) (Канистра 4л);330;5;ЕССО
714;Смазка LUXE Литол-24  100г;12,24;5;ЕССО
712;Смазка LUXE Литол-24  850г;58,98;5;ЕССО
708;Смазка LUXE Литол-24 туба 250г;24,96;5;ЕССО
718;Смазка LUXЕ Шрус Супер-4МЛ 100г;18,96;5;ЕССО
6047;Смазка OIL RIGHT графитная 100г;12;5;ЕССО
6057;Смазка OIL RIGHT графитная 250г;21,12;5;ЕССО
6040;Смазка OIL RIGHT Графитная 2кг;96,66;5;ЕССО
6041;Смазка OIL RIGHT Графитная синт. 800г;43,68;5;ЕССО
6016;Смазка OIL RIGHT Солидол жировой 2.1 кг;91,62;5;ЕССО
6056;Смазка OIL RIGHT Солидол жировой 250г;19,14;5;ЕССО
6021;Смазка OIL RIGHT Солидол жировой 850 г;39,18;5;ЕССО
6029;Смазка OIL RIGHT Солидол синт. 850 г;37,44;5;ЕССО
6061;Смазка OIL RIGHT ШРУС-4 100 г;18,36;5;ЕССО
6067;Смазка OIL RIGHT ШРУС-4 250 г;39,6;5;ЕССО
6063;Смазка OIL RIGHT ШРУС-4 800 г;102,72;5;ЕССО
6033;Смазка OILRIGHT Солидол синт.100г;11,04;5;ЕССО
6105;Смазка Пушечное сало OIL RIGHT 2кг (жесть);93,6;5;ЕССО
6106;Смазка Пушечное сало OIL RIGHT 2кг (пласт);84,6;5;ЕССО
;;;5;ЕССО
MHM(B)-46;Масло гидравл. PRISTA MHM(B)-46 (Бочка 210л);9503,76;5;ЕССО
2T;Масло моторн. PRISTA 2T Extra (Канистра 1л);90,3;5;ЕССО
2T;Масло моторн. PRISTA 2T mix  (Канистра 1л);64,08;5;ЕССО
10W-40;Масло моторн. PRISTA LEADER TD 10W40 SL/CF (Канистра 1л);72,72;5;ЕССО
10W-40;Масло моторн. PRISTA LEADER TD 10W40 SL/CF (Канистра 4л);276,48;5;ЕССО
15W-40;Масло моторн. PRISTA LEADER TD 15W40 CG-4/CF-4/CF/SJ (Бочка 210л);10940,1;5;ЕССО
15W-40;Масло моторн. PRISTA LEADER TD 15W40 CG-4/CF-4/CF/SJ (Канистра 1л);65,16;5;ЕССО
15W-40;Масло моторн. PRISTA SHPD VDS-3 15W40 CI-4 (Бочка 20л);1289,76;5;ЕССО
15W-40;Масло моторн. PRISTA SHPD VDS-3 15W40 CI-4 (Бочка 210л);11368,74;5;ЕССО
10W-40;Масло моторн. PRISTA SUPER BENZIN 10W40 SL/CF (Канистра 1л);69,18;5;ЕССО
10W-40;Масло моторн. PRISTA SUPER BENZIN 10W40 SL/CF (Канистра 20л);1255,26;5;ЕССО
10W-40;Масло моторн. PRISTA SUPER BENZIN 10W40 SL/CF (Канистра 4л);254,28;5;ЕССО
5W-30;Масло моторн. PRISTA ULTRA 5W30 SL/CF (Канистра 1л);77,1;5;ЕССО
5W-30;Масло моторн. PRISTA ULTRA 5W30 SL/CF (Канистра 4л);294;5;ЕССО
5W-40;Масло моторн. PRISTA ULTRA 5W40 SN/CF (Канистра 1л);79,86;5;ЕССО
5W-40;Масло моторн. PRISTA ULTRA 5W40 SN/CF (Канистра 4л);306,66;5;ЕССО
ATF III;Масло трансмисс.  PRISTA ATF DEXRON III (Канистра 1л);91,38;5;ЕССО
ATF;Масло трансмисс. PRISTA ATF (Канистра 1л);77,1;5;ЕССО
80W90;Масло трансмисс. PRISTA EP 80W90 GL-5 (Канистра 1л);67,98;5;ЕССО
80W90;Масло трансмисс. PRISTA EP 80W90 GL-5 (Канистра 20л);1287,06;5;ЕССО
85W140;Масло трансмисс. PRISTA EP 85W140 GL-5 (Бочка 210л);11390,04;5;ЕССО
;;;5;ЕССО
М10-Г2К;Масло моторн. Роснефть М10-Г2К (Бочка 180кг);6353,28;5;ЕССО
М10-Г2К;Масло моторн. Роснефть М10-Г2К (Канистра 10л);335,46;5;ЕССО
М10-Г2К;Масло моторн. Роснефть М10-Г2К (Канистра 20л);715,68;5;ЕССО
М10-ДМ;Масло моторн. Роснефть М10-ДМ (Бочка 180кг);6423,96;5;ЕССО
М10-ДМ;Масло моторн. Роснефть М10-ДМ (Канистра 10л);339,18;5;ЕССО
М10-ДМ;Масло моторн. Роснефть М10-ДМ (Канистра 20л);723,66;5;ЕССО
;;;5;ЕССО
6929;Масло моторн. Россинтез PULS 10-40 API SG/CD (Канистра 3,8л);177,54;5;ЕССО
6890;Масло моторн. Россинтез PULS 15-40 API SF/CD (Канистра 3,8л);162,12;5;ЕССО
6893;Масло промывочное Россинтез (Канистра 3,2л);137,76;5;ЕССО
6927;Масло трансмисс. Россинтез TAД-17м  (Канистра 1л);49,56;5;ЕССО
;;;5;ЕССО
Смазка;Смазка Литол-24 гост Экстра КСМ-ПРОТЕК (банка 2,7кг);151,38;5;ЕССО
Смазка;Смазка Литол-24 гост Экстра КСМ-ПРОТЕК (ведро 17кг);846,18;5;ЕССО
Смазка;Смазка Литол-24 гост Экстра КСМ-ПРОТЕК (ведро 4,5кг);232,14;5;ЕССО
Смазка;Смазка Литол-24 гост Экстра КСМ-ПРОТЕК (ведро 9кг);456,96;5;ЕССО
Смазка;Смазка Солидол-ж гост Экстра КСМ-ПРОТЕК (банка 0,4кг);20,22;5;ЕССО
Смазка;Смазка Солидол-ж гост Экстра КСМ-ПРОТЕК (банка 2,7кг);86,46;5;ЕССО
Смазка;Смазка Солидол-ж гост Экстра КСМ-ПРОТЕК (ведро 17кг);504,72;5;ЕССО
Смазка;Смазка Солидол-ж гост Экстра КСМ-ПРОТЕК (ведро 4,5кг);125,7;5;ЕССО
Смазка;Смазка Солидол-ж гост Экстра КСМ-ПРОТЕК (ведро 9кг);258,12;5;ЕССО
Смазка;Смазка Солидол-ж гост Экстра Синтез-Групп (бочка 170кг);3602,16;5;ЕССО
10W-40;Масло моторн. ТНК MAGNUM  Ultratec 10W-40 (Канистра 1л);83,34;5;ЕССО
10W-40;Масло моторн. ТНК MAGNUM Motor Plus 10W-40 (Канистра 1л);59,7;5;ЕССО
10W-40;Масло моторн. ТНК MAGNUM Motor Plus 10W-40 (Канистра 5л);246,18;5;ЕССО
15W-40;Масло моторн. ТНК MAGNUM Motor Plus 15W-40 (Канистра 1л);52,08;5;ЕССО
15W-40;Масло моторн. ТНК MAGNUM Motor Plus 15W-40 (Канистра 4л);181,14;5;ЕССО
10W-40;Масло моторн. ТНК MAGNUM Ultratec 10W-40 (Канистра 4л);283,38;5;ЕССО
М-8В;Масло моторн. ТНК Агро М-8В (Канистра 20л);712,26;5;ЕССО
М-8В;Масло моторн. ТНК Агро М-8В (Канистра 5л);196,74;5;ЕССО
М10-ДМ;Масло моторн. ТНК М-10ДМ (Канистра 5л);198,42;5;ЕССО
2T;Масло моторн. ТНК-2Т Ойл (Канистра 1л);57,36;5;ЕССО
промывка;Масло промывочное ТНК- Промо-Стандарт (Канистра 3,5л);149,76;5;ЕССО
ATF IID;Масло трансмисс. ТНК ATF IID (Канистра 1л);74,58;5;ЕССО
ATF III;Масло трансмисс. ТНК ATF III (Канистра 1л);88,8;5;ЕССО
80W-90;Масло трансмисс. ТНК Тrans Gipoid 80W-90 (Канистра 1л);58,8;5;ЕССО
80W-90;Масло трансмисс. ТНК Тrans Gipoid 80W-90 (Канистра 4л);209,88;5;ЕССО
80w-85;Масло трансмисс. ТНК Тrans KP 80W-85 (Канистра 1л);56,04;5;ЕССО
80w-85;Масло трансмисс. ТНК Тrans KP 80W-85 (Канистра 4л);186,96;5;ЕССО
3119;Антифриз-eco Zzima-40 (Зеленый) Канистра 1л;17,46;5;ЕССО
